id,title,description,journey_id,position,content_type,is_journey_module,image_url,chapter_id,status,era,level,xp_reward,duration,image_urls,story_content,transition_question,prompt,character,year,code
615,Chaos and the Birth of the Gods,test,20,1,Story,TRUE,https://static.wikia.nocookie.net/greek-myth933/images/0/02/Chaos%26Gaia.webp/revision/latest?cb=20211106200812,20,published,greek,1,50,2,,"<p>Chaos was not a god, but a vast, endless void. No stars, no sun. Just raw existence, swirling in silence.</p><p><br></p> <p>Then, from the emptiness, came the first forces of creation: - **Gaia**, the Earth—solid, strong, alive. - **Tartarus**, the Abyss—deep beneath all things. - **Eros**, desire—the force that makes things move and grow. - **Nyx**, the Night—and her shadowy children like Death and Sleep.</p><p><br></p> <p>Gaia, alone, gave birth to **Uranus**, the Sky. He rose above her, wrapping the world in starry night. Together, they created the first divine family: the **Titans**, the **Cyclopes**, and the **Hundred-Handed Giants**.</p><p><br></p> <p>But Uranus feared the power of their children. He cast them into the depths of Gaia, burying them alive. Gaia, aching with rage, called on her son **Cronos** to end the tyranny.</p><p><br></p> <p>And so Cronos took the sickle. In the stillness of the night, he rose up, struck his father from the sky, and began a new age—the age of the Titans.</p><p><br></p> <p><em>But the cycle of power—and rebellion—had only just begun.</em></p>**",test,test,test,5000 BC,greek
616,The Titans and the Rise of Zeus,test,20,2,Story,TRUE,https://upload.wikimedia.org/wikipedia/commons/thumb/c/c8/Jupiter_Smyrna_Louvre_Ma13.jpg/800px-Jupiter_Smyrna_Louvre_Ma13.jpg,20,published,greek,2,50,2,,"When Cronos overthrew his father Uranus, the world changed—but not for the better. Cronos, the Titan of time, ruled the cosmos in fear. For before Uranus vanished, he cursed his son: “You too will fall by your own child.” Cronos heard the prophecy and trembled. Determined to escape fate, he swallowed each of his children the moment they were born—Hestia, Demeter, Hera, Hades, and Poseidon—one by one, consumed by their own father. But his wife, Rhea, was filled with sorrow. When her sixth child was born, she hid him away on the island of Crete. She wrapped a stone in cloth and gave it to Cronos instead. Cronos, blind with fear, devoured the stone, believing he was safe. The hidden child was Zeus. Raised in secret, he drank the milk of a magical goat and trained in silence. As Zeus grew, so did his strength. One day, he returned to confront Cronos. With a trick, he forced Cronos to vomit up his siblings, now fully grown. Reunited at last, the children of Cronos prepared for war. The Titans would not surrender. But Zeus had lightning in his hands—and destiny on his side.",,,,5000 BC,greek
617,The Twelve Olympians,test,20,3,Story,TRUE,https://upload.wikimedia.org/wikipedia/commons/3/3a/Greek_-_Procession_of_Twelve_Gods_and_Goddesses_-_Walters_2340.jpg,20,published,greek,3,50,2,,"With Cronos defeated, the age of the Titans ended—but a new order had to rise. Zeus and his siblings divided the world among themselves and became the rulers of Mount Olympus. These gods were known as the Twelve Olympians. Each had their own realm, personality, and symbol. Zeus, king of the gods, ruled the sky and thunder. Poseidon ruled the sea, with his mighty trident. Hades ruled the underworld, though he was not usually counted among the Olympians because he lived below. Hera, queen of the gods, was goddess of marriage. Demeter governed the harvest and the seasons. Hestia, goddess of the hearth, symbolized the home and family. Later, others joined or replaced them. Athena, born from Zeus’s head, became goddess of wisdom and war strategy. Apollo, god of the sun, music, and prophecy, brought light and inspiration. His twin sister, Artemis, ruled the hunt and the moon. Ares was the god of war, fierce and hated even by the other gods. Aphrodite, goddess of beauty, could sway gods and mortals alike with desire. Hephaestus forged weapons in fire, and Hermes, the messenger, moved swiftly between worlds. Together, they formed a divine family—powerful, proud, and full of rivalry. Their stories would shape every part of Greek life: love, war, nature, and fate itself. To understand ancient Greece is to know these gods.",,,,5000 BC,greek
618,Prometheus and the Gift of Fire,test,20,4,Story,TRUE,https://upload.wikimedia.org/wikipedia/commons/thumb/5/5b/Heinrich_fueger_1817_prometheus_brings_fire_to_mankind.jpg/800px-Heinrich_fueger_1817_prometheus_brings_fire_to_mankind.jpg,20,published,greek,4,50,2,,"Not all gods stood with Zeus. Some looked to mortals instead. Among them was Prometheus, a Titan who loved humanity. When Zeus created humans from clay, he gave them life—but not power. They were weak, cold, and afraid. Zeus wanted it that way. He believed humans should remain humble and dependent on the gods. But Prometheus disagreed. He saw potential in mankind. Secretly, he stole fire from Olympus—fire that belonged only to the gods—and gave it to humans. With fire, they could cook, forge weapons, build homes, and survive the night. It was the beginning of civilization. Zeus was enraged. As punishment, he chained Prometheus to a rock in the Caucasus Mountains. Every day, an eagle came to eat his liver—and every night, it grew back. For centuries, he suffered alone. But his gift had changed the world forever. Prometheus became a symbol of rebellion, sacrifice, and the power of knowledge. In Greek thought, he represented a deeper question: Should power be reserved for the few—or shared with all?",,,,5000 BC,greek
619,The Creation of Man and the Ages of Humanity,test,20,5,Story,TRUE,https://upload.wikimedia.org/wikipedia/commons/thumb/e/e4/Thomas_Cole_-_Prometheus_Bound_-_Google_Art_Project.jpg/1920px-Thomas_Cole_-_Prometheus_Bound_-_Google_Art_Project.jpg,20,published,greek,5,50,2,,"The gods not only ruled the world—they shaped humanity itself. The ancient Greeks believed mankind had not always lived as it does now. Hesiod, a Greek poet, told of five great ages of humans, each one falling further from the divine. First came the Golden Age, when humans lived like gods—without pain, war, or work. It was a time of peace and plenty. But Zeus ended it. The Silver Age followed: people lived long, foolish lives and disrespected the gods. Zeus destroyed them. Then came the Bronze Age, a violent generation obsessed with war and weapons. They wiped themselves out. After them came the Heroic Age—brief and glorious—filled with the legends of Troy and Thebes. Finally came the Iron Age, the time of the poet himself. It was an age of toil, lies, injustice, and suffering. Each age marked a decline, a warning. The Greeks believed humanity had fallen from divine grace—and only through piety, justice, and wisdom could balance be restored. The myth wasn’t just a story. It was a mirror.",,,,5000 BC,greek
620,Persephone and the Seasons,test,20,6,Story,TRUE,https://upload.wikimedia.org/wikipedia/commons/thumb/c/ce/AMI_-_Isis-Persephone.jpg/800px-AMI_-_Isis-Persephone.jpg,20,published,greek,6,50,2,,"Why do the seasons change? The Greeks answered with a myth of love, loss, and compromise. Persephone, daughter of Demeter, was the goddess of spring—youthful, bright, and full of life. One day, while picking flowers in a meadow, the earth split open. From below rose Hades, god of the underworld. In a flash, he seized her and vanished into the shadows. Demeter searched the world in grief. As the goddess of the harvest, her sorrow was felt by all. Crops withered. Famine spread. Even the gods began to worry. Finally, Zeus sent Hermes to retrieve Persephone. But it was too late—she had eaten six pomegranate seeds in the underworld. And that meant she could not fully return. A deal was struck: Persephone would spend six months each year with Hades, and six months with her mother. When she returned to the earth, Demeter rejoiced—spring and summer bloomed. When she left, Demeter mourned—fall and winter came. Through this myth, the Greeks explained not just the seasons, but the cycle of life itself: joy and sorrow, growth and decay, death and rebirth.",,,,5000 BC,greek
621,"Heroes and Monsters: Medusa, Minotaur, and Hydra",test,20,7,Story,TRUE,,20,published,greek,7,50,2,,"The ancient Greeks filled their world with monstersâ€”symbols of chaos, fear, and the unknown. Facing them were the heroes, mortals with courage, strength, or divine blood. One of the most feared monsters was Medusa. Once a beautiful woman, she was cursed by Athena. Her hair turned to snakes, and her gaze could turn men to stone. She was defeated by Perseus, who used a mirrored shield to avoid her deadly eyes. In Crete, the Minotaurâ€”a half-man, half-bullâ€”was kept in a twisting labyrinth. Each year, Athens sent children as tribute, until Theseus ended it. Another hero, Heracles, faced the Hydra, a serpent with many heads that grew back when cut. These stories taught courage, cleverness, and the fight against chaos.",,,,5000 BC,greek
622,Heracles and His Twelve Labors,test,20,8,Story,TRUE,,20,published,greek,8,50,2,,"Heracles, known to the Romans as Hercules, was the greatest hero of Greek myth. The son of Zeus and a mortal woman, he was gifted with immense strengthâ€”but cursed with a tragic fate. Driven mad by Hera, he killed his wife and children. In grief, he begged for forgiveness. As punishment and redemption, he was given twelve impossible labors. He fought the Nemean Lion, whose skin no weapon could pierce. He battled the nine-headed Hydra, which grew two heads for each one cut. He captured the Golden Hind, cleaned the Augean stables in a day, and even fetched the three-headed dog Cerberus from the underworld. Through pain and duty, Heracles became a symbol of endurance and redemption.",,,,5000 BC,greek
623,Theseus and the Labyrinth,test,20,9,Story,TRUE,,20,published,greek,9,50,2,,"Athens once paid tribute to the island of Creteâ€”seven boys and seven girls sent to be eaten by the Minotaur, a monstrous creature locked inside a labyrinth. But one day, Theseus, prince of Athens, volunteered to end the curse. With the help of Ariadne, daughter of King Minos, he entered the maze. She gave him a sword and a thread to mark his path. Deep in the darkness, Theseus faced the Minotaur and slew it. He followed the thread back to freedom. This myth became more than a tale of courageâ€”it was a lesson in strategy, love, and sacrifice.",,,,5000 BC,greek
624,The Trojan War Begins,test,20,10,Story,TRUE,,20,published,greek,10,50,2,,"The seeds of the Trojan War were planted at a divine wedding. All the gods were invitedâ€”except Eris, goddess of discord. Enraged, she threw a golden apple into the crowd, inscribed: 'To the fairest.' Hera, Athena, and Aphrodite all claimed it. To settle the dispute, Zeus chose Paris, prince of Troy, as judge. Each goddess offered him a gift. He chose Aphrodite, who promised him the most beautiful woman in the worldâ€”Helen of Sparta. But Helen was already married. When Paris took her, war broke out. The Greeks sailed for Troy, beginning a ten-year siege that would become legend.",,,,c. 1200 BC,greek
625,Achilles and the Wrath of War,test,20,11,Story,TRUE,,20,published,greek,11,50,2,,"Achilles was the greatest warrior in Greece. His mother, a sea goddess, had tried to make him immortal by dipping him in the River Styxâ€”except for his heel. When Helen was taken to Troy, Achilles joined the war. But conflict soon broke out within the Greek camp. Agamemnon, the leader, insulted Achilles by taking a woman he had claimed in battle. Enraged, Achilles withdrew from the fight. Without him, the Greeks began to lose. His absence was a turning point in the war. This story became a powerful lesson in pride, honor, and the cost of rage.",,,,c. 1200 BC,greek
626,Odysseus and the Fall of Troy,test,20,12,Story,TRUE,,20,published,greek,12,50,2,,"The Greeks could not defeat Troy by force. After ten long years of war, they turned to trickery. Odysseus, king of Ithaca, devised a plan. The Greeks built a giant wooden horse and left it outside Troyâ€™s gates, pretending to sail away. The Trojans brought it inside as a trophy. But inside the horse, hidden soldiers waited. That night, they crept out, opened the gates, and let the Greek army in. Troy burned. The war was overâ€”but Odysseusâ€™s journey home was just beginning. This story showed the power of wit over brute strength.",,,,c. 1180 BC,greek
627,The Return of Odysseus,test,20,13,Story,TRUE,,20,published,greek,13,50,2,,"Odysseus, king of Ithaca, spent ten years at war in Troyâ€”but his journey home would take just as long. The gods were divided. Some favored him, others cursed him. Blown off course, he faced monsters, magic, and madness. He blinded the Cyclops Polyphemus, angering Poseidon. He resisted the enchantments of Circe, who turned his men into pigs. He sailed past the Sirens, whose songs lured sailors to death. He journeyed to the underworld to seek prophecy, and barely survived the wrath of Scylla and Charybdis. When he finally reached Ithaca, he found his home overrun with suitors trying to claim his throne. Disguised as a beggar, he watched and waited. Then, with his bow in hand, he revealed himself and struck down his enemies. Odysseus reclaimed his kingdom and his wife, Penelope. His journey was more than survivalâ€”it was a test of identity, endurance, and the will to return home.",,,,c. 1170 BC,greek
628,The Historical Mycenaeans,test,20,14,Story,TRUE,,20,published,greek,14,50,2,,"Long before the classical age of Greece, a powerful civilization ruled the land: the Mycenaeans. Centered in cities like Mycenae, Tiryns, and Pylos, they built fortified palaces and left behind rich tombs filled with gold. They were warriors, sailors, and traders who controlled much of the Aegean. Their language, known as Linear B, was an early form of Greekâ€”proof that they were the ancestors of later Greeks. They may have fought in a real Trojan War, or something like it. But around 1200 BC, their world collapsed. Palaces burned, trade stopped, and writing disappeared. Historians still debate whyâ€”natural disaster, invasion, or internal chaos. This collapse led to a Greek Dark Age, where knowledge faded. Yet the memory of the Mycenaeans lived on in mythâ€”heroes like Agamemnon and Odysseus were likely based on real kings. The Mycenaeans remind us that every golden age can fall, and legends often grow from the ruins of forgotten empires.",,,,c. 1600â€“1100 BC,greek
629,Collapse of the Bronze Age,test,20,15,Story,TRUE,,20,published,greek,15,50,2,,"Around 1200 BC, great civilizations across the eastern Mediterranean crumbled almost at once. The Mycenaeans in Greece, the Hittites in Anatolia, and even mighty Egypt suffered collapse. This mysterious period marked the end of the Bronze Age. Trade routes vanished. Cities were abandoned or destroyed. Writing systems disappeared. Historians call it a perfect storm: droughts, earthquakes, famine, migration, rebellion. Sea Peoples, mysterious invaders from across the sea, attacked cities along the coast. In Greece, the fall of the Mycenaeans led to a 400-year dark age. People forgot how to build palaces or write. The collapse wasnâ€™t just politicalâ€”it was cultural. Yet from this silence, something new would rise. As iron replaced bronze, and oral stories preserved memory, a new Greek identity slowly took form. The stories of Homer would emerge later, built on the ashes of this collapse, turning history into myth.",,,,c. 1200 BC,greek
630,Rise of the City-States (Polis),test,20,16,Story,TRUE,,20,published,greek,16,50,2,,"When the Dark Age ended, Greece was no longer ruled by kings in palaces. Instead, small independent communities grewâ€”each with its own laws, armies, and gods. These were the city-states, or polis. Athens, Sparta, Corinth, Thebesâ€”each polis was like a mini-nation. They shared language and religion, but were often rivals. At the heart of the polis was the agora, the marketplace, where politics, trade, and philosophy began. Citizenship became important: to be part of a polis meant to belong, to fight, to vote, to worship together. This was the birth of democracy, but also of fierce independence. City-states competed in games, like the Olympics, and in war. Loyalty to the polis came before all. The rise of the polis laid the foundation for everything that would followâ€”art, philosophy, politics, and empire. It was a new kind of society, and it changed the ancient world.",,,,c. 800â€“700 BC,greek
631,Sparta: Society of Soldiers,test,20,17,Story,TRUE,,20,published,greek,17,50,2,,"Sparta was not like other Greek city-states. It was a warrior society, built for discipline and strength. From the moment a Spartan boy was born, his life was controlled by the state. At age 7, he entered military trainingâ€”hard, brutal, and relentless. He learned to fight, to steal, to endure pain. By adulthood, he was a soldier for life. Spartan girls were also trained to be strongâ€”to bear healthy children and defend their homes. Sparta had two kings, but real power lay with a council of elders and a rigid system of control. Slaves, known as helots, did the farmingâ€”kept in check by fear. Spartans avoided luxury, art, or travel. Their only focus was war. But their discipline made them legendary. At Thermopylae, 300 Spartans stood against a Persian army of thousands. Though they died, their courage inspired all of Greece. Sparta showed that freedom can be defended not only with ideasâ€”but with iron.",,,,c. 700 BC,greek
632,Athens: Birthplace of Democracy,test,20,18,Story,TRUE,,20,published,greek,18,50,2,,"While Sparta trained warriors, Athens trained thinkers. It began as a monarchy, then became an aristocracy. But unrest grew. In the 6th century BC, leaders like Solon and Cleisthenes reformed the system. Power shifted from nobles to citizens. The Assembly was bornâ€”where free Athenian men could vote, debate, and help shape laws. It wasnâ€™t a perfect democracyâ€”women, slaves, and foreigners were excludedâ€”but it was revolutionary. Athens became a center for philosophy, art, architecture, and science. Its navy ruled the Aegean, and its culture lit the ancient world. The Parthenon rose above the city, dedicated to Athena, the goddess of wisdom. In the agora, Socrates asked dangerous questions. Democracy in Athens was fragile, tested by war and internal conflict. But the idea that ordinary people could govern themselvesâ€”that voice still echoes today. Athens showed the world that knowledge and power could belong to the many, not just the few.",,,,c. 600â€“500 BC,greek
633,The Olympic Games Begin,test,20,19,Story,TRUE,,20,published,greek,19,50,2,,"Every four years, athletes from across Greece gathered in Olympia to honor Zeusâ€”the king of the godsâ€”with sport. The first Olympic Games were held in 776 BC. There were no medals, just olive wreaths, and no prizes but glory. The games included running, wrestling, discus, javelin, chariot racing, and boxing. Wars paused, and truces were declared so athletes could travel safely. Only Greek men could compete, and they did so nude, believing it honored the human form. The Olympics were more than sportâ€”they were religion, politics, and identity.",,,,776 BC,greek
634,The Oracle of Delphi,test,20,20,Story,TRUE,,20,published,greek,20,50,2,,"In the shadow of Mount Parnassus stood the sanctuary of Apollo at Delphiâ€”home to the most famous oracle in the ancient world. Leaders and commoners alike came to seek guidance from the Pythia, a priestess who sat over a chasm and spoke the godâ€™s words in trance. Her messages were often cryptic, open to interpretation, but deeply respected. Delphi became a political and religious center of Greece. The oracle influenced war, colonization, and lawmaking. The Greeks believed fate was realâ€”but that the wise could read its signs.",,,,c. 700â€“500 BC,greek
635,Persia Threatens Greece,test,20,21,Story,TRUE,https://upload.wikimedia.org/wikipedia/commons/2/22/Greek-Persian_duel.jpg,20,published,greek,21,50,2,,"By the 6th century BC, Persia was the largest empire in the world, stretching from India to the Aegean Sea. When Greek city-states in Asia Minor rebelled against Persian rule, Athens supported them. This angered King Darius I of Persia. In response, he sent his armies to punish Athens and bring all of Greece under Persian control. The threat was massive: Persia had wealth, soldiers, and ships beyond anything Greece could match. But the Greek city-states, fiercely independent, were not ready to bow without a fight.",,,,499 BC,greek
636,The Battle of Marathon,test,20,22,Story,TRUE,,20,published,greek,22,50,2,,"In 490 BC, Persian forces landed on the plains of Marathon, just 26 miles from Athens. The Athenians were outnumbered, but under General Miltiades, they made a bold move. Instead of waiting, they attacked. Their hoplites, heavily armored foot soldiers, ran across the field and broke the Persian lines. It was a shocking victory. According to legend, a soldier named Pheidippides ran from Marathon to Athens to announce the victoryâ€”then collapsed and died. His run inspired the modern marathon, a reminder of ancient heroism.",,,,490 BC,greek
637,The 300 Spartans at Thermopylae,test,20,23,Story,TRUE,,20,published,greek,23,50,2,,"Ten years after Marathon, Persia returnedâ€”this time under King Xerxes, with a massive army. Greece braced for invasion. At a narrow mountain pass called Thermopylae, 300 Spartans led by King Leonidas stood with a few thousand allies to delay the Persian advance. For three days, they held the line against overwhelming odds. Eventually, the Persians found a hidden path and surrounded them. Leonidas and his men fought to the death. Their sacrifice became a symbol of courage and defiance that echoed through all of Greece.",,,,480 BC,greek
638,The Naval Victory at Salamis,test,20,24,Story,TRUE,,20,published,greek,24,50,2,,"After Thermopylae, the Greeks fell backâ€”but hope was not lost. Themistocles, an Athenian general, tricked the Persian navy into entering the narrow straits of Salamis. There, Greek triremesâ€”light, fast warshipsâ€”had the advantage. They rammed and sank Persian ships in the chaos of close quarters. The victory shattered Persian momentum and forced Xerxes to retreat. It proved that cunning and strategy could defeat overwhelming force. Salamis became a turning point in historyâ€”showing that a small but united people could defend their freedom.",,,,480 BC,greek
639,The End of the Persian Wars,test,20,25,Story,TRUE,,20,published,greek,25,50,2,,"After Salamis, the war wasnâ€™t overâ€”but momentum had shifted. A year later, in 479 BC, the Greeks united again to face the remaining Persian forces at the Battle of Plataea. Spartans, Athenians, and other allies stood together. They defeated the Persian army, driving them out of mainland Greece. At sea, the Greeks won another major battle at Mycale. These twin victories ended the Persian threatâ€”for now. The war had proven something new: that small, free states could resist a vast empire. It gave the Greeks confidenceâ€”and Athens, ambition.",,,,479 BC,greek
640,Pericles and the Athenian Empire,test,20,26,Story,TRUE,,20,published,greek,26,50,2,,"In the decades after the Persian Wars, Athens rose to power like never before. Under the leadership of Pericles, a gifted speaker and strategist, Athens became the heart of Greek culture. He rebuilt the city, including the magnificent Parthenon on the Acropolis. Athens formed the Delian Leagueâ€”an alliance of Greek statesâ€”but it soon became clear that Athens was turning it into an empire. Tribute flowed in, funding art, architecture, and naval power. Pericles believed in democracy, but Athensâ€™ growing dominance worried its rivalsâ€”especially Sparta.",,,,c. 460â€“429 BC,greek
641,Life in Classical Athens,test,20,27,Story,TRUE,,20,published,greek,27,50,2,,"Classical Athens was more than battles and politicsâ€”it was a city full of thinkers, builders, artists, and citizens. Men gathered in the agora to debate philosophy and law. Women mostly stayed at home, managing households and raising children. Slaves were common and worked in homes, workshops, and mines. Boys went to school to learn reading, writing, music, and gymnastics. Temples honored the gods, and festivals filled the calendar with drama, parades, and rituals. Though not everyone was free, Athens became a symbol of creativity and civic life.",,,,c. 450 BC,greek
642,The Parthenon and Athenian Art,test,20,28,Story,TRUE,,20,published,greek,28,50,2,,"High on the Acropolis stood the Parthenon, a temple dedicated to Athena, the cityâ€™s protector. Built under Pericles, it became a symbol of Athensâ€™ glory. Sculptors like Phidias filled it with statues of gods and mythical scenes. Columns lined the structure in perfect proportionâ€”mathematics and beauty combined. Athenian art wasnâ€™t just decorationâ€”it told stories, taught values, and showed reverence for order and the divine. Pottery, frescoes, and marble reliefs depicted heroes, gods, and everyday life, giving us a window into their world.",,,,c. 447â€“432 BC,greek
643,Greek Drama: Tragedy and Comedy,test,20,29,Story,TRUE,,20,published,greek,29,50,2,,"In Athens, the theater was sacred. It honored Dionysus, god of wine and ecstasy. Tragedies told stories of fate, pride, and human sufferingâ€”often based on myth. Great playwrights like Aeschylus, Sophocles, and Euripides explored deep moral questions. Comedy, by contrast, mocked politics and everyday life. Aristophanes, the master of satire, made crowds laughâ€”and think. Plays were performed in large open-air theaters, with masks, choruses, and music. Theater was more than entertainmentâ€”it was a civic duty, a spiritual act, and a tool for reflection.",,,,c. 440â€“400 BC,greek
644,Socrates and the Birth of Philosophy,test,20,30,Story,TRUE,,20,published,greek,30,50,2,,"Socrates never wrote a book, but his ideas changed the world. He walked the streets of Athens, asking questions that challenged everythingâ€”from justice and beauty to the gods themselves. He believed wisdom came from knowing oneâ€™s ignorance. His method, the Socratic method, used questions to test assumptions. Many saw him as a troublemaker. Eventually, he was put on trial for corrupting the youth and dishonoring the gods. Found guilty, he drank poison and died calmly. His student Plato recorded his teachings, laying the foundation of Western philosophy.",,,,c. 470â€“399 BC,greek
645,Plato and the World of Ideas,test,20,31,Story,TRUE,,20,published,greek,31,50,2,,"Plato, the student of Socrates, was not content with observing the worldâ€”he wanted to understand its essence. After his teacherâ€™s death, he founded the Academy, the first great school of philosophy in the West. To Plato, the physical world was only a shadow of a higher, perfect reality: the World of Ideas. In this higher realm lived the true forms of all thingsâ€”justice, beauty, goodnessâ€”unchanging and eternal. What we see around us are only copies. He believed that philosophers, through reason, could ascend beyond illusion and approach truth. In his dialogues, Plato used characters like Socrates to explore big questions: What is a good life? What is justice? What should rulers be like? In his famous work â€œThe Republic,â€ he argued that the ideal society should be led by philosopher-kingsâ€”those who love wisdom more than power. Plato laid the foundation for metaphysics, politics, and ethics. His ideas shaped Western thought for over two thousand years, and his vision of a deeper reality still echoes in modern philosophy.",,,,c. 428â€“347 BC,greek
646,Aristotle and the Sciences,test,20,32,Story,TRUE,,20,published,greek,32,50,2,,"Where Plato sought the ideal, Aristotle sought the real. A student of Plato and tutor to Alexander the Great, Aristotle believed knowledge came from observation and experienceâ€”not just ideas. He studied everything: biology, logic, politics, poetry, astronomy, ethics, and more. He dissected animals to learn anatomy. He categorized governments to understand politics. He even wrote about how to write a good tragedy. Aristotle believed everything in nature had a purpose, a final cause. He introduced formal logicâ€”using syllogisms to reach conclusionsâ€”and defined many scientific methods still in use today. His writings filled entire libraries. While not always correct, his methods laid the groundwork for centuries of science and philosophy. Unlike Plato, who distrusted the senses, Aristotle believed in learning from the world as it is. His influence stretched from the Islamic Golden Age to medieval Europe and even the Renaissance. He didnâ€™t just ask questionsâ€”he built systems. To the Greeks, he was simply â€œThe Philosopher.â€",,,,384â€“322 BC,greek
647,The Cynics and the Stoics,test,20,33,Story,TRUE,,20,published,greek,33,50,2,,"Not all Greek philosophers lived in schools or palaces. The Cynics rejected comfort and wealth. They believed that happiness came from virtue aloneâ€”living in agreement with nature, without dependence on possessions or approval. The most famous Cynic, Diogenes, lived in a barrel and mocked societyâ€™s norms. He carried a lantern in daylight, claiming to search for an honest man. He believed freedom came from self-sufficiency and shameless honesty. Later came the Stoics, who built on these ideas but added structure. Founded by Zeno, Stoicism taught that the world is governed by reason, or logos, and that inner peace comes from accepting fate. Stoics like Epictetus and the Roman emperor Marcus Aurelius believed one should focus only on what can be controlled and meet all hardship with calm. Pain, loss, deathâ€”these were part of nature. Virtue, not pleasure, was the goal. Stoic ideas live on today in self-help, therapy, and leadership. In chaos, they offered clarity.",,,,c. 400â€“300 BC,greek
648,Pythagoras and Mathematics,test,20,34,Story,TRUE,,20,published,greek,34,50,2,,"Long before modern science, the Greeks saw numbers as the language of the universe. No one embodied this more than Pythagorasâ€”a mystic, mathematician, and philosopher. He founded a secretive school that combined math, music, ethics, and spiritual purity. Pythagoreans believed the soul was immortal and that numbers held divine truths. They discovered that musical harmony could be expressed through ratios and that geometry revealed eternal principles. Pythagoras is best known for the theorem that bears his name: in a right triangle, the square of the hypotenuse equals the sum of the squares of the other two sides. But his influence went beyond math. He inspired a vision of the cosmos as ordered and knowableâ€”a system with structure, not chaos. For the Greeks, numbers were not just tools. They were keys to understanding beauty, symmetry, and the mind of the gods.",,,,c. 570â€“495 BC,greek
649,Hippocrates and Greek Medicine,test,20,35,Story,TRUE,,20,published,greek,35,50,2,,"Before Hippocrates, illness was often seen as punishment from the gods. He changed that. Known as the â€œFather of Medicine,â€ Hippocrates taught that disease had natural causes and should be treated with reason, not superstition. He observed patients carefully and kept detailed notes, looking for patterns and symptoms. He emphasized balanceâ€”believing health depended on the harmony of four bodily fluids called humors: blood, phlegm, black bile, and yellow bile. While the theory is outdated, the method was revolutionary. Hippocratic doctors valued diet, environment, and patient behavior. Above all, they swore an oath: to do no harm, respect privacy, and serve the sick with honor. That oath, still echoed in modern medicine, is called the Hippocratic Oath. Hippocrates helped transform healing into a profession based on ethics and evidence. To study medicine meant to follow his legacy of observation, compassion, and care.",,,,c. 460â€“370 BC,greek
650,Archimedes and Invention,test,20,36,Story,TRUE,,20,published,greek,36,50,2,,"In the city of Syracuse lived one of the greatest minds of the ancient world: Archimedes. A mathematician, engineer, and inventor, he saw problems not as limits, but as puzzles to solve. He discovered the principle of buoyancy while stepping into a bathâ€”realizing the water he displaced equaled his bodyâ€™s volume. â€œEureka!â€ he shouted, running naked through the streets. Archimedes created war machines to defend his city, including catapults and burning mirrors. He studied levers and pulleys, claiming he could move the Earth with the right fulcrum. His writings advanced calculus, geometry, and physics long before those fields formally existed. He was eventually killed during a Roman siegeâ€”despite orders to spare him. Legend says he was drawing geometric figures in the sand when a soldier struck him down. Archimedesâ€™ curiosity and genius bridged theory and practice. He reminded the world that math wasnâ€™t just for scholarsâ€”it could change reality.",,,,c. 287â€“212 BC,greek
651,Athens vs. Sparta: Tensions Rise,test,20,37,Story,TRUE,,20,published,greek,37,50,2,,"Though Athens and Sparta had once stood side by side against Persia, peace between them would not last. Athens grew wealthy and powerful through its naval empire, using the Delian League to dominate smaller city-states. Sparta, proud and land-focused, viewed Athenian influence as a threat to Greek independence. Their values clashed: Athens celebrated democracy, debate, and culture; Sparta valued order, discipline, and strength. Small conflicts and shifting alliances built tension across the Greek world. The Peloponnesian War was comingâ€”and with it, the end of an age.",,,,c. 430 BC,greek
652,The War Begins,test,20,38,Story,TRUE,,20,published,greek,38,50,2,,"In 431 BC, the long-brewing conflict exploded into open war. The Peloponnesian War pitted Athens and its allies against Sparta and the Peloponnesian League. Athens relied on its navy and city walls, retreating behind fortifications while launching sea raids. Sparta had the superior land army and ravaged the countryside. The war dragged on, fueled by politics, pride, and old grudges. Inside Athens, a devastating plague killed thousandsâ€”including Pericles. As both sides suffered losses and betrayal, the war turned from a fight between cities into a struggle for the soul of Greece.",,,,431 BC,greek
653,Plague and Pericles' Death,test,20,39,Story,TRUE,,20,published,greek,39,50,2,,"During the second year of the Peloponnesian War, tragedy struck Athens. With citizens crowded behind the city walls, a deadly plague swept through the population. It killed a third of the people, including generals, workers, and families. Among the dead was Pericles, the great leader who had guided Athens through its golden age. His loss shattered morale. Thucydides, the historian who survived the illness, described the chaos: the abandonment of religion, law, and even family. The plague was more than a diseaseâ€”it was a symbol of the collapse of order and the fragility of civilization.",,,,429 BC,greek
654,The Fall of Athens,test,20,40,Story,TRUE,,20,published,greek,40,50,2,,"The Peloponnesian War stretched on for nearly three decades. Alliances shifted. Cities betrayed each other. Athens made bold but disastrous movesâ€”like the failed invasion of Sicily, which cost thousands of lives and crippled their navy. Slowly, Sparta gained the upper hand. With Persian support, Sparta built a fleet and won a crushing victory at Aegospotami. In 404 BC, Athens surrendered. Its walls were torn down, its democracy replaced with an oligarchy backed by Sparta. The dream of an Athenian empire was overâ€”and with it, the classical era of Greek freedom had begun to fade.",,,,404 BC,greek
655,Philip II Unites Macedonia,test,20,41,Story,TRUE,,20,published,greek,41,50,2,,"While the Greek city-states weakened themselves through endless war, a new power rose in the north: Macedonia. Its king, Philip II, had once been a hostage in Thebesâ€”where he learned Greek tactics and politics. When he returned home, he reformed his army, introducing longer spears, disciplined formations, and cavalry support. He used war, diplomacy, and marriage to expand Macedonian control over Greece. By 338 BC, at the Battle of Chaeronea, he defeated a combined army of Athens and Thebes. Greece was unitedâ€”not through dialogue, but under a foreign crown. A new era had begun.",,,,c. 359â€“336 BC,greek
656,Young Alexanderâ€™s Education,test,20,42,Story,TRUE,https://upload.wikimedia.org/wikipedia/commons/thumb/e/e1/Alexander_the_Great_mosaic.jpg/1920px-Alexander_the_Great_mosaic.jpg,20,published,greek,42,50,2,,"Philipâ€™s son, Alexander, was no ordinary prince. From a young age, he was taught to ride, fight, and lead. But his most famous teacher was the philosopher Aristotle, who instructed him in science, politics, poetry, and philosophy. Alexander read Homerâ€™s Iliad constantly, idolizing Achilles. He was told he descended from both Hercules and Achilles. He tamed the wild horse Bucephalus as a boyâ€”proving his courage and insight. He learned to think like a warrior and a scholar, to see the world as a chessboard of conquest. The boy was already becoming a legend.",,,,c. 340sâ€“330s BC,greek
657,Conquest of Persia,test,20,43,Story,TRUE,https://upload.wikimedia.org/wikipedia/commons/thumb/b/b0/Diadochen1.png/1920px-Diadochen1.png,20,published,greek,43,50,2,,"In 334 BC, Alexander crossed into Asia with an army of Macedonians and Greeks. His goal: to conquer the vast Persian Empire. He began with a victory at the River Granicus, then stormed the city of Sardis. At Issus, he faced King Darius III and shattered the Persian forces. Alexander was more than a warriorâ€”he was a tactician who struck fast and thought ahead. His charisma inspired loyalty; his bravery earned the devotion of his men. He liberated Greek cities in Asia Minor, then marched into Phoenicia. As the Persian Empire crumbled before him, the world watched a new master rise.",,,,334â€“330 BC,greek
658,The Siege of Tyre and Egypt,test,20,44,Story,TRUE,,20,published,greek,44,50,2,,"One of Alexanderâ€™s greatest challenges was the island city of Tyre. It resisted surrender, believing itself safe behind strong sea walls. But Alexander built a causeway across the sea to reach itâ€”turning the island into a peninsula. After seven brutal months, he conquered the city. It was a message to all who would resist. From there, he marched into Egypt, where he was welcomed as a liberator. At the oasis of Siwa, he visited the oracle of Amun, who called him a son of Zeus. This divine approval only strengthened the myth around him. Egypt would remain a key part of his legacy.",,,,332â€“331 BC,greek
659,Into India and the Mutiny,test,20,45,Story,TRUE,,20,published,greek,45,50,2,,"Alexanderâ€™s ambition knew no limits. After defeating Persia, he marched east into unknown lands. In India, he faced war elephants and fierce resistance at the Battle of the Hydaspes. Though victorious, his army was exhausted. They had marched for years across deserts, mountains, and rivers. When Alexander sought to push farther into India, his men refused. It was the only time they ever said no. Reluctantly, he turned back. On the return journey, he led his army through the cruel Gedrosian Desert, where many died. This march tested loyalty, and marked the end of his conquests.",,,,326â€“324 BC,greek
660,Death of Alexander at 32,test,20,46,Story,TRUE,,20,published,greek,46,50,2,,"In 323 BC, after more than a decade of conquest, Alexander reached Babylon. Plans were underway to explore Arabia and expand his empire even further. But suddenly, he fell ill. Fever struck, and within days, he was dead. He was only 32. No one knows the true causeâ€”poison, malaria, or exhaustion. He left behind no clear heir. His generals divided the empire, leading to decades of struggle. But Alexanderâ€™s legend endured. He had spread Greek language, ideas, and culture across three continents, creating a new era that would shape the ancient world: the Hellenistic Age.",,,,323 BC,greek
661,The Empire is Divided,test,20,47,Story,TRUE,,20,published,greek,47,50,2,,"After Alexanderâ€™s death, his empire fractured. His generals, known as the Diadochi, fought for control. The dream of a united empire died in civil war. Eventually, it was split into three major kingdoms: the Seleucid Empire in Asia, the Ptolemaic Kingdom in Egypt, and the Antigonid Dynasty in Macedonia. Each claimed to preserve Alexanderâ€™s legacy, but in truth they pursued their own power. Greek culture, however, continued to spread. Cities like Antioch and Alexandria became centers of learning and trade. Though the empire fell, the Hellenistic world was just beginning.",,,,323â€“300 BC,greek
662,Alexandria and the Library,test,20,48,Story,TRUE,,20,published,greek,48,50,2,,"Founded by Alexander but developed under the Ptolemies, Alexandria in Egypt became the intellectual heart of the Greek world. At its center was the Great Library, said to hold hundreds of thousands of scrolls from across the known world. Scholars from every land gathered to study science, medicine, philosophy, and literature. The library represented the dream of universal knowledge. Nearby stood the towering Lighthouse of Alexandriaâ€”one of the Seven Wonders of the World. Alexandria was more than a cityâ€”it was a symbol of Greek ambition to understand and illuminate the world.",,,,c. 300 BC,greek
663,Hellenistic Philosophy and Art,test,20,49,Story,TRUE,,20,published,greek,49,50,2,,"With the spread of Greek culture into Egypt, Persia, and beyond, new schools of thought emerged that blended traditional Greek ideas with those of the East. In the bustling cities of the Hellenistic world, philosophers asked how to live in a world full of uncertainty. The Epicureans, founded by Epicurus, believed that the goal of life was pleasureâ€”not indulgence, but the absence of pain and fear. They taught that gods existed but did not interfere in human affairs, and that death was nothing to fear. Meanwhile, the Stoics, founded by Zeno, taught that one should live in harmony with nature and accept fate calmly. They believed virtue was the highest good and that emotions should be controlled through reason. Art also evolved. Sculptors moved away from the calm perfection of the classical age and began portraying emotion, struggle, and movement. Statues now showed old age, suffering, and everyday peopleâ€”not just gods and heroes. The Hellenistic era opened philosophy and art to wider audiences, reflecting a world that was more diverse, more complex, and more human.",,,,c. 300â€“100 BC,greek
664,Greek Influence in the East,test,20,50,Story,TRUE,,20,published,greek,50,50,2,,"As Alexanderâ€™s armies moved eastward, they brought Greek language, art, and ideas into lands that had never seen them before. Greek became the language of elites from Egypt to India. Cities like Ai-Khanoum in modern Afghanistan were built with Greek theaters and temples, yet surrounded by Persian and Central Asian traditions. In Bactria, Greek kings ruled far from the Mediterranean, even minting coins with their names in Greek letters. Greek soldiers married local women and raised families who blended cultures. Buddhism itself was transformed by contact with Greek thought: the first statues of Buddha with human features were sculpted in a distinctly Greek style. Philosophical ideas, too, began to blend. In this vast cultural exchange, Greek influence didnâ€™t erase local traditionsâ€”it mixed with them, creating something new. The East shaped Greece as much as Greece shaped the East. This fusion became the hallmark of the Hellenistic world: not purity, but diversity in motion.",,,,c. 300â€“100 BC,greek
665,"The Seleucids, Ptolemies, and Antigonids",test,20,51,Story,TRUE,,20,published,greek,51,50,2,,"After Alexanderâ€™s death, his generals divided the empire into kingdoms. Each claimed legitimacy through their connection to him, but their rivalries led to endless conflict. The Seleucid Empire stretched from Turkey to India. They ruled over vast territories filled with different peoples and cultures, struggling to maintain control. The Ptolemaic Kingdom ruled Egypt, blending Greek and Egyptian traditions. Its rulers were often named Ptolemy, and they worshipped both Zeus and Egyptian gods. Cleopatra VII, the last of their line, would one day become famous in Roman history. The Antigonid Dynasty held Macedonia and parts of Greece, where they struggled to control fiercely independent city-states. These Hellenistic monarchies tried to maintain order through military power, dynastic marriages, and urban development. They built libraries, sponsored the arts, and spread Greek educationâ€”but beneath the surface, tensions brewed. Local revolts, foreign threats, and internal strife slowly chipped away at their stability, setting the stage for the next great power to rise: Rome.",,,,c. 300â€“100 BC,greek
666,Greek Judaism in Alexandria,test,20,52,Story,TRUE,,20,published,greek,52,50,2,,"In the Egyptian city of Alexandria, home to the greatest library of the ancient world, a unique community flourished: Greek-speaking Jews. After Alexanderâ€™s conquests, many Jews settled in Hellenistic cities, especially in Egypt. In Alexandria, they built synagogues, studied Greek philosophy, and lived among a mix of cultures. To make their faith accessible, scholars translated the Hebrew Bible into Greek. This version, called the Septuagint, became a bridge between two worlds. Jewish thinkers like Philo of Alexandria sought to combine Moses with Plato, blending Jewish theology with Greek reason. Some embraced this synthesis, while others feared it diluted their faith. Still, it allowed Judaism to survive and even thrive in a Greek-speaking world. These Jewish communities faced challengesâ€”discrimination, riots, and political pressureâ€”but they also influenced early Christianity and preserved their identity across centuries. The story of Greek Judaism is one of adaptation without abandonment: a testament to resilience in a world of empire and change.",,,,c. 250â€“100 BC,greek
667,The Decline of the Hellenistic Kingdoms,test,20,53,Story,TRUE,,20,published,greek,53,50,2,,"By the 2nd century BC, the once-mighty Hellenistic kingdoms were crumbling. The Seleucid Empire fractured under the weight of internal rebellion and eastern invasions. The Ptolemies grew weaker, plagued by civil war and corruption. The Antigonids faced pressure from rival Greek city-states and the looming power of Rome. Trade routes shifted, armies shrank, and public trust in monarchs declined. Even culture, once a source of unity, began to fragment. Greek influence remained, but its political foundation was cracking. The kingdoms had been built on the legacy of Alexander the Great, but they had failed to produce lasting unity. Rome, rising in the west, watched carefully. In a series of wars and treaties, the Romans moved into the Greek world, first as allies, then as conquerors. By the mid-100s BC, Greece would no longer be a world of kingsâ€”it would become a province in a much larger empire. Yet even in decline, the Hellenistic age left a legacy of learning, diversity, and cross-cultural exchange that would shape civilizations for centuries.",,,,2nd century BC,greek
668,Rome Rises in the West,test,20,54,Story,TRUE,,20,published,greek,54,50,2,,"While the Hellenistic world battled itself into decline, a new power grew steadily to the west: Rome. Founded as a small city-state in central Italy, Rome expanded through alliances, wars, and discipline. Unlike the fragmented Greek city-states, Rome offered citizenship and stability to those it conquered. Its legions were highly trained and loyal, and its roads tied the empire together. Rome admired Greek cultureâ€”its gods, its art, its philosophyâ€”but also saw itself as more practical and orderly. As Roman armies marched east, they encountered the weakened Greek kingdoms. At first, Rome claimed to protect Greek freedom, but soon it became clear that Roman interests came first. After a series of conflicts known as the Macedonian Wars, Rome defeated the Antigonids. In 146 BC, they destroyed the city of Corinth and made Greece a Roman province. The Hellenistic age was over. But the Greeks would not vanish. Their language, teachers, and ideas would live on inside Rome, shaping the future of the West.",,,,c. 300â€“100 BC,greek
669,The Battle of Corinth,test,20,55,Story,TRUE,https://upload.wikimedia.org/wikipedia/commons/thumb/b/bf/Tony_robert-fleury%2C_l%27ultimo_giorno_di_corinto%2C_ante_1870.JPG/1280px-Tony_robert-fleury%2C_l%27ultimo_giorno_di_corinto%2C_ante_1870.JPG,20,published,greek,55,50,2,,"By 146 BC, the fate of Greece was sealed. Years of infighting, broken alliances, and growing Roman interference had left the once-proud city-states weak and divided. Corinth, one of the wealthiest and most influential cities in Greece, became a symbol of resistance to Roman domination. But Rome had had enough. That year, Roman forces under Lucius Mummius marched into the Peloponnese and confronted the Achaean League. Corinth stood no chance. The city was sacked, its treasures looted, its citizens enslaved. Temples burned, statues shattered. It was a brutal message: Greek defiance would no longer be tolerated. The fall of Corinth marked the final blow to Greek independenceâ€”and the beginning of a new chapter under Roman rule.",,,,146 BC,greek
670,Greece Becomes a Roman Province,test,20,56,Story,TRUE,,20,published,greek,56,50,2,,"After the destruction of Corinth, Greece lost its political independence. Rome reorganized the region into the province of Achaea. Though some cities retained cultural importance, Greek autonomy was gone. Roman governors enforced laws, collected taxes, and maintained order. Greek soldiers fought in Roman legions, and Greek cities now competed for Roman favor. But Roman rule was not entirely destructive. In many ways, it preserved Greek culture. Roman aristocrats admired Greek art, philosophy, and education. Greek remained the dominant language in the eastern part of the empire. Though conquered, Greece still shaped the identity of the conqueror.",,,,146 BC,greek
671,Greek Culture in the Roman Empire,test,20,57,Story,TRUE,,20,published,greek,57,50,2,,"Though Rome ruled the Mediterranean, Greek culture ruled Roman minds. Greek tutors educated Roman children. Greek philosophers taught in Roman forums. Greek gods were adopted and renamedâ€”Zeus became Jupiter, Athena became Minerva. Roman architecture borrowed heavily from Greek temples, and Greek sculptures were copied or imported. Even emperors studied Greek texts and saw themselves as heirs to the legacy of Homer, Pericles, and Alexander. In this strange twist of fate, the conquered had conquered the conquerorsâ€”through culture, not war.",,,,100 BC â€“ 300 AD,greek
672,Greek Influence on Christianity,test,20,58,Story,TRUE,,20,published,greek,58,50,2,,"As Christianity began to spread across the Roman Empire, it entered a world already shaped by Greek language and ideas. The New Testament was written in Greek, making it accessible across the Hellenistic world. Early Christian thinkers like Paul spoke to Greek audiences and debated with philosophers. Concepts like the Logosâ€”a divine rational principleâ€”were rooted in both Greek and Jewish thought. Church fathers like Clement of Alexandria and Origen blended scripture with Plato and Aristotle. Christian theology and Greek philosophy became intertwined, laying the foundation for centuries of religious thought in Europe and the Byzantine world.",,,,1st century AD,greek
673,Byzantium: The Greek East Lives On,test,20,59,Story,TRUE,,20,published,greek,59,50,2,,"In 330 AD, Emperor Constantine founded a new capital on the site of Byzantium, naming it Constantinople. Though Rome would fall in the West, the Eastern Roman Empireâ€”later called the Byzantine Empireâ€”would endure for over a thousand years. It was Roman in name but Greek in language, culture, and soul. Byzantine scholars preserved ancient Greek texts, built magnificent churches like Hagia Sophia, and created a Christian civilization deeply rooted in Greek heritage. Even as new threats aroseâ€”Persians, Arabs, Turksâ€”the Greek legacy lived on, defending the East until 1453.",,,,330 AD,greek
674,Legacy of Greece in the Modern World,test,20,60,Story,TRUE,https://upload.wikimedia.org/wikipedia/commons/thumb/d/d1/Sanzio_01_cropped.png/960px-Sanzio_01_cropped.png,20,published,greek,60,50,2,,"The legacy of ancient Greece is all around us. In our democracies and debates. In our theaters and sports. In philosophy, science, medicine, and art. We still quote Plato and Aristotle, marvel at temples and statues, and tell stories of heroes like Odysseus and Heracles. The Olympic Games continue every four years. Greek myths inspire books, movies, and games. Even the very word 'history' comes from the Greek 'historia.' Though empires rise and fall, ideas endure. And few civilizations have shaped the modern world as deeply as ancient Greece.",,,,2025,greek
