id,title,description,journey_id,position,content_type,is_journey_module,image_url,chapter_id,status,era,level,xp_reward,duration,image_urls,story_content,transition_question,prompt
31,Constitution of Medina,"A key document that laid the foundation for governance in the newly established Muslim community in Medina, including rights and duties of Muslims and Jews.",5,5,Story,TRUE,,8,published,islam,1,50,5,,"<p>In the heart of Medina, Muhammad crafted a document that would change the world. The Constitution of Medina wasn’t just a set of laws; it was a blueprint for a society where Muslims, Jews, and other tribes could live together in peace. It guaranteed rights for all, upheld justice, and ensured that the community would stand united against external threats. It was a revolutionary vision, a vision of coexistence, and it marked the beginning of a new era where faith and governance were intertwined.</p>",,
32,"Battles of Badr, Uhud, and the Trench","Major battles in the early years of Islam, showcasing the struggle for survival and the defense of the nascent Muslim community.",5,6,Story,TRUE,,8,published,islam,1,50,5,,"<p>The early battles of Islam were not just battles of the sword—they were tests of faith. At Badr, against overwhelming odds, the Muslims stood firm. The victory was miraculous, a sign that God was with them. But the battle at Uhud showed them that victory wasn’t always guaranteed. Many lives were lost, and the community was shaken. The Muslims learned that victory required not just bravery, but patience and humility. And at the Trench, when the Meccans laid siege to Medina, the Muslims showed remarkable resilience and unity.</p>",,
33,The Treaty of Hudaybiyyah,"A peace agreement between the Muslims and Quraysh tribe of Mecca, which set the stage for the eventual conquest of Mecca.",5,7,Story,TRUE,,8,published,islam,1,50,5,,"<p>It was a moment of calm after years of struggle. The Treaty of Hudaybiyyah seemed like a compromise, but it was a victory in disguise. The treaty allowed the Muslims to return to Mecca the following year, to perform the pilgrimage that had been denied to them. For the first time in years, they could practice their faith without fear. And while the treaty seemed like a pause in the battle, it allowed the message of Islam to spread across the Arabian Peninsula, laying the foundation for the eventual conquest of Mecca.</p>",,
34,Conquest of Mecca,"The event where the Muslim forces peacefully entered Mecca, leading to the establishment of Islam in the city.",5,8,Story,TRUE,,8,published,islam,1,50,5,,"<p>The air was thick with anticipation as the Muslims marched toward Mecca. After years of opposition and exile, they were finally returning, not as refugees, but as conquerors. When they entered the city, it was not with the sound of swords clashing, but with peace. The idols were destroyed, and the Kaaba was purified. Mecca, the birthplace of Islam, was now the heart of the Muslim world. The conquest wasn’t just a military victory—it was the triumph of faith over oppression, and a testament to the power of patience and perseverance.</p>",,
35,Final Sermon and Muhammad’s Death,"Muhammad’s last sermon, where he outlined the principles of Islam, followed by his death and the subsequent leadership vacuum.",5,9,Story,TRUE,,8,published,islam,1,50,5,,"<p>In his final sermon, Muhammad stood on the plain of Arafat, looking out over the sea of believers. His message was simple: “All men are equal.” He spoke of justice, equality, and the rights of all people. His words were a culmination of a life dedicated to spreading peace. And then, as quietly as he had lived, Muhammad passed from this world. His death marked the end of an era, but his message—his legacy—would live on in the hearts of his followers, who now had the responsibility of continuing his work.</p>",,
36,Caliph Abu Bakr and the Ridda Wars,The first caliph's efforts to unify the Arabian Peninsula and suppress rebellions after Muhammad's death.,5,10,Story,TRUE,,8,published,islam,1,50,5,,"<p>Abu Bakr, the first caliph, faced one of the greatest challenges Islam had ever known: the Ridda Wars. After Muhammad’s death, many tribes turned away from Islam, seeking to break free from the unity that Muhammad had established. Abu Bakr was firm. He knew that the unity of the Muslim ummah was crucial. With unwavering determination, he led the charge to restore order, and through the Ridda Wars, he solidified Islam’s place in the Arabian Peninsula. His leadership ensured that Islam remained strong after Muhammad’s passing.</p>",,
37,Caliph Umar: Expansion and Administration,"The second caliph's period marked by territorial expansion and administrative reforms, leading to the rapid spread of Islam.",5,11,Story,TRUE,,8,published,islam,1,50,5,,"<p>Under Caliph Umar, the Islamic empire grew at an unprecedented rate. From Persia to the Byzantine Empire, Umar’s armies swept across the lands. But it wasn’t just conquest; it was governance. Umar established a system of justice, ensuring that all people, Muslim or non-Muslim, were treated fairly. His administrative reforms helped create a cohesive empire, where trade flourished and science advanced. Under his leadership, Islam became not just a religion, but the foundation of a vast and diverse empire.</p>",,
38,Caliph Uthman and the Compilation of the Quran,"Uthman’s leadership, which saw the compilation of the Quran into a standardized text and expansion into new territories.",5,12,Story,TRUE,,8,published,islam,1,50,5,,"<p>Under Uthman, the Quran was compiled into a single, standardized text. Before this, the Quran existed in various forms, each with its own slight variations. But Uthman, recognizing the importance of unity, ordered the collection of all the revelations into one book. This wasn’t just a religious act—it was a political one, ensuring the preservation of Islam’s message for generations to come. Uthman’s reign also saw the expansion of the Muslim empire, as the message of Islam continued to spread across the world.</p>",,
39,Caliph Ali and the First Fitna,"Ali’s caliphate and the first major civil war in Islam, which involved political, military, and religious conflicts within the Muslim community.",5,13,Story,TRUE,,8,published,islam,1,50,5,,"<p>Ali’s caliphate was marked by internal strife and the First Fitna. As the fourth caliph, Ali was faced with rebellion and division within the Muslim community. The assassination of Uthman had set the stage for a power struggle. The Battle of the Camel and the Battle of Siffin were not just military engagements; they were struggles for the soul of the Muslim community. Ali’s reign ended tragically with his assassination, but his legacy lives on in the hearts of Shi’a Muslims, who see him as the rightful heir to Muhammad’s leadership.</p>",,
40,Battle of Karbala and Rise of Shi'a Islam,"A defining event in Islamic history, where Husayn ibn Ali’s martyrdom at Karbala marked the rise of Shi'a Islam.",5,14,Story,TRUE,https://upload.wikimedia.org/wikipedia/commons/0/0e/Brooklyn_Museum_-_Battle_of_Karbala_-_Abbas_Al-Musavi_-_cropped.jpg,8,published,islam,1,50,5,,"<p>On the plains of Karbala, Husayn ibn Ali, the grandson of Muhammad, faced an army of overwhelming numbers. Husayn’s refusal to pledge allegiance to the Umayyad caliph Yazid was more than a political stand; it was a moral one. Husayn and his followers were slaughtered, and their martyrdom became a rallying cry for those who opposed tyranny. From the tragedy of Karbala, Shi’a Islam rose, with Husayn’s death symbolizing the struggle for justice against oppression and the importance of standing up for what is right, no matter the cost.</p>",,
41,Umayyad Caliphate: Expansion to Spain and Central Asia,"The period when the Umayyads expanded Islamic rule across much of North Africa, Spain, and into Central Asia.",5,15,Story,TRUE,,8,published,islam,1,50,5,,"<p>The Umayyad Caliphate was a force to be reckoned with. From the deserts of Arabia to the streets of Damascus, the Umayyads expanded their empire across vast territories. In the West, they conquered Spain, creating a lasting legacy in Europe. In the East, they reached Central Asia, spreading Islam to new lands. Under the Umayyads, the empire was not only vast but diverse, with cultures, languages, and traditions blending together under the banner of Islam.</p>",,
42,Abbasid Revolution,"The overthrow of the Umayyads and the establishment of the Abbasid Caliphate, which shifted the capital to Baghdad.",5,16,Story,TRUE,https://upload.wikimedia.org/wikipedia/commons/thumb/a/a7/Abbasid_Caliphate_850AD.png/1920px-Abbasid_Caliphate_850AD.png,8,published,islam,1,50,5,,"<p>The Abbasid Revolution marked the end of the Umayyad Caliphate and the beginning of a new era. The Abbasids, claiming descent from Muhammad’s uncle, rose up against the Umayyads, leading to their downfall. The revolution was not just a political shift—it was a cultural one. Under the Abbasids, the capital was moved to Baghdad, and the Islamic Golden Age began. Scholars, philosophers, and scientists flourished, creating a legacy of intellectual and cultural achievements that have shaped the Muslim world and beyond.</p>",,
43,Baghdad and the Golden Age of Islam,"The flourishing of science, culture, philosophy, and trade under the Abbasid Caliphate during the Islamic Golden Age.",5,17,Story,TRUE,,8,published,islam,1,50,5,,"<p>Baghdad, under the Abbasids, became the center of learning and culture. The city’s libraries and academies were filled with scholars from across the Islamic world, studying medicine, mathematics, astronomy, and philosophy. It was a time when the pursuit of knowledge was seen as a religious duty. The Golden Age of Islam wasn’t just about scientific advancements—it was about the flourishing of culture, the arts, and the human spirit. The legacy of this era continues to resonate today, influencing modern science and thought.</p>",,
44,"Science, Philosophy, and Trade in the Caliphate","The period marked by intellectual advancements and significant contributions to various fields like mathematics, medicine, and astronomy.",5,18,Story,TRUE,,8,published,islam,1,50,5,,"<p>The Islamic Caliphates were not just empires of conquest—they were empires of knowledge. During the Golden Age, scholars from across the Muslim world made groundbreaking contributions in fields like mathematics, chemistry, astronomy, and philosophy. The trade routes that spanned from the Arabian Peninsula to Spain brought not just goods, but ideas, fostering a culture of intellectual exchange. The Caliphates were a bridge between East and West, promoting a synthesis of knowledge that benefitted humanity as a whole.</p>",,
45,Fall of Baghdad and Mongol Invasions,"The Mongol sack of Baghdad in 1258, which led to the end of the Abbasid Caliphate and marked a significant blow to the Islamic world.",5,19,Story,TRUE,,8,published,islam,1,50,5,,"<p>The Mongol invasions of the 13th century were a brutal end to the Islamic Golden Age. In 1258, the Mongols sacked Baghdad, destroying libraries, hospitals, and universities. The city, once the center of learning, was reduced to rubble. The fall of Baghdad marked the end of the Abbasid Caliphate and a turning point in Islamic history. The Mongols, though brutal, eventually converted to Islam, and the Islamic world slowly began to rebuild itself, though the scars of this devastation would remain for centuries.</p>",,
46,Rise of the Ottomans,The emergence of the Ottoman Empire as a dominant force in the Islamic world and its significant territorial expansion.,5,20,Story,TRUE,https://upload.wikimedia.org/wikipedia/commons/thumb/b/b6/Zonaro_GatesofConst.jpg/800px-Zonaro_GatesofConst.jpg,8,published,islam,1,50,5,,"<p>The rise of the Ottoman Empire was one of the most significant events in Islamic history. From their humble beginnings in Anatolia, the Ottomans expanded their empire into Europe, Africa, and Asia. The Ottomans were not just conquerors—they were also administrators, builders, and patrons of the arts. Their capital, Constantinople (modern-day Istanbul), became a hub of culture, commerce, and learning. The Ottomans would rule for centuries, shaping the political and cultural landscape of the Muslim world and beyond.</p>",,
47,Suleiman the Magnificent,"The reign of Suleiman, one of the greatest Ottoman sultans, known for military conquest, legal reforms, and cultural achievements.",5,21,Story,TRUE,https://upload.wikimedia.org/wikipedia/commons/thumb/e/e9/EmperorSuleiman.jpg/1200px-EmperorSuleiman.jpg,8,published,islam,1,50,5,,"<p>Suleiman the Magnificent was the pinnacle of Ottoman greatness. His reign marked a period of military conquest, legal reform, and cultural flourishing. Under his rule, the Ottoman Empire reached its greatest territorial extent, from the gates of Vienna to the sands of North Africa. Suleiman was not just a warrior; he was a visionary who reformed the empire’s legal system, ensuring justice for all. His patronage of the arts led to a cultural renaissance, and his legacy as one of the greatest Ottoman sultans continues to inspire awe.</p>",,
48,The Safavids and Shi’a Revival in Persia,"The rise of the Safavid Empire in Persia, which established Shi'a Islam as the state religion and led to major political and religious changes in the region.",5,22,Story,TRUE,,8,published,islam,1,50,5,,"<p>The rise of the Safavid Empire in Persia marked a pivotal moment in Islamic history. The Safavids established Shi’a Islam as the state religion, creating a religious and political identity that would shape the region for centuries. Under Shah Ismail, the Safavids defeated their Sunni rivals and began a period of cultural revival. The Safavid Empire was a time of artistic and architectural flourishing, with Persian art and architecture becoming some of the most revered in the Islamic world.</p>",,
49,Mughal Empire and Akbar the Great,"Akbar’s reign, marked by religious tolerance, military success, and cultural advancements within the Mughal Empire.",5,23,Story,TRUE,,8,published,islam,1,50,5,,"<p>Akbar the Great was one of the most remarkable rulers in Islamic history. His reign marked the height of the Mughal Empire, a period of territorial expansion, religious tolerance, and cultural prosperity. Akbar was known for his inclusive policies, promoting dialogue and cooperation between different religious communities, such as Hindus, Muslims, and Sikhs. Under his rule, the Mughal Empire became a melting pot of cultures, with Persian, Indian, and Central Asian influences blending to create a unique Mughal identity. Akbar's administrative reforms and patronage of the arts contributed to the flourishing of the empire, leaving a legacy that continues to be admired for its cultural achievements and political stability.</p>",,
50,"Islamic Art, Architecture, and Scholarship","The flourishing of Islamic art, architecture, and intellectual scholarship, especially during the Golden Age of Islam.",5,24,Story,TRUE,,8,published,islam,1,50,5,,"<p>Islamic art and architecture are renowned for their beauty, intricacy, and innovation. From the grand mosques of Istanbul to the intricate designs of Persian carpets, Islamic art has left an indelible mark on the world. Islamic scholarship, too, flourished during the Golden Age of Islam, with scholars making groundbreaking advancements in fields like astronomy, mathematics, and medicine. This intellectual tradition was supported by the patronage of rulers who valued knowledge and learning. The fusion of diverse cultures within the Islamic world led to the development of a unique artistic and scholarly legacy that continues to influence global civilization. The preservation of ancient Greek texts, advancements in optics and algebra, and contributions to medical practice stand as testaments to this era of intellectual achievement.</p>",,
51,Colonialism and Decline of Muslim Powers,"European control in North Africa, British Raj, Dutch East Indies, French Algeria, etc.",5,25,Story,TRUE,,8,published,islam,1,50,5,,"<p>The 19th century saw the rise of European colonial powers, which carved up much of the Muslim world. From India to Algeria, Muslims found themselves under the control of European empires, facing cultural assimilation, economic exploitation, and political subjugation. The decline of Muslim powers during this period was marked by political instability, economic hardship, and the gradual loss of independence. The spread of Western ideas and technologies created a stark contrast with the traditions of the Islamic world, triggering debates over modernization and reform. Despite these challenges, many Muslim thinkers and activists sought to revive their societies by drawing on Islamic principles while embracing some aspects of Western progress. This period also laid the groundwork for the modern nationalist movements that would emerge in the 20th century, as many Muslim-majority regions began to fight for independence from their colonial rulers.</p>",,
52,End of Empire and Rise of Nationalism,"WWII, anti-colonial movements, weakening of imperial structures",5,26,Story,TRUE,,8,published,islam,1,50,5,,"<p>World War I marked the end of the Ottoman Empire, which had been the dominant power in the Muslim world for centuries. The collapse of the empire led to the disintegration of a once-unified Islamic polity, and the Middle East was carved up by European powers. New nation-states were formed, and the rise of nationalism brought fresh ideas of self-determination and independence. However, this period also led to significant conflict and division, as the borders drawn by colonial powers did not align with ethnic and religious realities. For many Muslims, the end of the Ottoman Empire represented both a profound loss and an opportunity—a chance to reshape their future according to new nationalist ideologies. The struggle for independence, the rise of secularism, and the ongoing challenges of governance all marked this tumultuous period of transition.</p>",,
53,Creation of Pakistan and the Arab-Israeli Conflict,"Partition of India, Nakba, wars with Israel, political Islam's growth",5,27,Story,TRUE,,8,published,islam,1,50,5,,"<p>In 1947, the partition of India created the new nation of Pakistan, a homeland for Muslims in South Asia. The creation of Pakistan was a moment of triumph for many, but it was also accompanied by widespread violence and the displacement of millions of people along religious lines. The creation of this new state marked the beginning of a long history of conflict in the region, particularly with neighboring India. At the same time, the Arab-Israeli conflict began to shape the political landscape of the Middle East. The establishment of Israel in 1948 led to wars and ongoing tension between Arabs and Israelis, a conflict that has continued for decades. This ongoing strife has shaped not only the political dynamics of the region but also the broader Muslim world, with many seeing the Palestinian cause as central to their collective identity and struggle.</p>",,
54,Islamic Revolution and Global Islamism,"Iran’s revolution, Soviet-Afghan war, spread of Wahhabism, rise of political Islam",5,28,Story,TRUE,,8,published,islam,1,50,5,,"<p>The Islamic Revolution of 1979 was a pivotal event in the Muslim world. Iran, under the leadership of Ayatollah Khomeini, overthrew its monarchy and established an Islamic republic. The revolution challenged Western influence, particularly that of the United States, and was seen as a powerful rejection of secularism and imperialism. It inspired movements across the Muslim world, sparking the rise of political Islam. This era marked a new wave of Islamic activism, with groups seeking to return to Islamic values in governance and society. The revolution not only altered the political landscape of Iran but also had a profound impact on global geopolitics, influencing Islamic movements in regions as diverse as North Africa, South Asia, and the Middle East. The consequences of this revolution continue to be felt today, as political Islam remains a significant force in shaping Muslim societies.</p>",,
55,Islam in a Globalized World,"9/11, War on Terror, Muslim minorities in Europe and America, identity issues",5,29,Story,TRUE,,8,published,islam,1,50,5,,"<p>The 1990s and 2000s saw Islam become a more prominent global force in ways never before witnessed. With the fall of the Soviet Union, the rise of the War on Terror, and the increasing visibility of Muslim minorities in Europe and America, the Muslim experience took on new dimensions. The challenges of living as a Muslim in a globalized world—balancing religious identity with the demands of modernity—became more pronounced. Islamic identity became a source of both pride and division, as Muslims navigated the complexities of being part of both the global community and their own distinct religious tradition. At the same time, Islamic culture and thought began to influence global conversations about democracy, human rights, and governance, as many Muslims sought to reconcile their faith with the modern world. This was an era of increased interaction and dialogue, but also of heightened tension and conflict, particularly in the wake of events like the 9/11 attacks and the subsequent global War on Terror.</p>",,
56,Digital Islam and Contemporary Struggles,"Arab Spring, ISIS, refugee crises, AI, social media, and the future of Islam",5,30,Story,TRUE,,8,published,islam,1,50,5,,"<p>In the 21st century, Islam faced new challenges and opportunities with the rise of digital technology. The internet, social media, and online activism allowed Muslims to connect across borders and engage in new forms of political and social expression. The Arab Spring, which began in 2010, saw widespread uprisings across the Arab world, many of which were fueled by digital platforms. At the same time, the rise of groups like ISIS and the intensification of Islamophobia created a complex and sometimes dangerous environment for Muslims worldwide. Refugee crises, driven by conflicts in Syria, Iraq, and elsewhere, have further shaped the contemporary Muslim experience. Islam, once bound by traditional structures, now faces the future with both hope and uncertainty, as it navigates the challenges of the digital age and continues to struggle with the legacy of past conflicts.</p>",,
